Major Function ID,Major Function,Minor Function ID,Minor Function,Agency ID,Agency,Description,Website,Nominal 2002,Nominal 2003,Nominal 2004,Nominal 2005,Nominal 2006,Nominal 2007,Nominal 2008,Nominal 2009,Nominal 2010,Nominal 2011,Nominal 2012,Nominal 2013,Nominal 2014,Nominal 2015,Actual 2002,Actual 2003,Actual 2004,Actual 2005,Actual 2006,Actual 2007,Actual 2008,Actual 2009,Actual 2010,Actual 2011,Actual 2012,Actual 2013,Actual 2014,Actual 2015
1,General Government,1,Legislative,11,House of Representatives                ,"One of two legislative bodies comprising the state legislature, the House has 98 members, two for each of Washington's 49 legislative districts.",http://www.leg.wa.gov/house/,"28,040,479","27,265,006","27,178,165","28,704,925","29,897,385","31,076,367","33,931,483","34,442,953","32,698,726","30,773,676","29,155,075","27,205,523","30,789,000","31,075,000",38708718,36272120,34603460,34771234,34701174,34548619,36164663,36813317,34039185,31159076,29155075,27205523,30789000,31075000
1,General Government,1,Legislative,12,Senate                                  ,"One of two legislative bodies comprising the state legislature, the Senate has 49 members, one for each of Washington's 49 legislative districts.",http://www.leg.wa.gov/senate,"20,924,555","21,896,095","20,245,132","21,755,873","21,762,821","25,072,504","26,092,430","27,068,651","24,890,928","23,516,986","20,898,673","20,945,390","21,150,000","23,405,000",28885480,29129566,25776266,26353615,25259582,27873927,27809688,28931516,25911312,23811505,20898673,20945390,21150000,23405000
1,General Government,1,Legislative,14,Joint Leg Audit & Review Committee      ,"Conducts audits and issues recommendations for making state government operations more effective, efficient, and accountable.",http://www.leg.wa.gov/JLARC/,"1,714,537","1,381,839","1,469,661","1,372,845","2,011,151","2,200,800","2,789,921","2,786,720","2,672,790","2,778,625","2,464,315","2,394,670","62,000","111,000",2366847,1838336,1871184,1662973,2334294,2446702,2973538,2978502,2782359,2813424,2464315,2394670,62000,111000
1,General Government,1,Legislative,20,LEAP Committee                          ,"Provides fiscal information &  technology for developing budgets and communicating budget decisions, tracking revenue, expenditure, and staffing activity.",http://leap.leg.wa.gov/,"1,228,621","1,298,076","1,597,409","1,599,408","1,511,512","1,589,483","1,364,015","1,184,871","1,221,019","1,190,097","1,661,552","1,295,578","1,653,000","1,811,000",1696060,1726901,2033834,1937416,1754376,1767081,1453787,1266414,1271074,1205001,1661552,1295578,1653000,1811000
1,General Government,1,Legislative,35,Office of State Actuary                 ,Independent and non-partisan agency working exclusively on the funding and benefit issues of the state’s public retirement systems.,http://osa.leg.wa.gov/,0,0,0,0,0,0,0,0,"110,873","3,230",0,0,0,0,0,0,0,0,0,0,0,0,115418,3270,0,0,0,0
1,General Government,1,Legislative,37,Office of Legislative Support Svcs      ,"Provide administrative and support services to Senate, House and other legislative committees.",http://search.usa.gov/search?affiliate=accesswashington&query=%22Legislative%20Support%20Services%22,0,0,0,0,0,0,0,0,0,0,0,"2,921,077","3,686,000","3,684,000",0,0,0,0,0,0,0,0,0,0,0,2921077,3686000,3684000
1,General Government,1,Legislative,38,Joint Legislative Systems Committee     ,"Oversees and enforces the policies, procedures, and standards of Legislature's information processing and communications systems.",http://www.leg.wa.gov/Pages/JLSC.aspx,"6,290,608","6,863,251","6,510,888","6,554,280","7,108,348","7,279,098","8,649,509","8,180,980","8,307,125","7,855,091","7,990,179","7,582,784","8,004,000","7,973,000",8683923,9130556,8289715,7939418,8250488,8092413,9218771,8743995,8647669,7953466,7990179,7582784,8004000,7973000
1,General Government,1,Legislative,40,Statute Law Committee                   ,"Responsible to codify, index, and publish the Revised Code of Washington and to revise, correct, and harmonize the statutes as appropriate.",http://www.leg.wa.gov/CODEREVISER/,"3,948,905","3,951,370","3,831,933","4,008,979","4,103,362","4,386,640","4,691,283","4,924,493","4,529,699","4,235,396","4,188,564","4,522,260","3,895,000","4,102,000",5451300,5256722,4878848,4856210,4762673,4876772,5000037,5263397,4715390,4288439,4188564,4522260,3895000,4102000
1,General Government,1,Legislative,91,Redistricting Commission                ,Established every 10 years for the purpose of redrawing legislative and congressional district boundaries.,http://www.redistricting.wa.gov/,"740,975","19,463",0,0,0,0,0,0,0,"798,627","1,195,706","14,746",0,0,1022885,25893,0,0,0,0,0,0,0,808629,1195706,14746,0,0
1,General Government,2,Judicial,45,Supreme Court                           ,"Highest-level court in Washington; works to protect constitutional/legal liberties, uphold/interpret the law and resolve legal matters.",http://www.courts.wa.gov/appellate_trial_courts/SupremeCourt/,"5,464,802","5,603,394","5,511,252","5,816,776","6,011,346","6,302,557","7,092,414","7,319,802","6,865,296","6,879,221","6,744,181","6,604,000","6,911,000","6,836,000",7543932,7454500,7016971,7046055,6977224,7006760,7559197,7823551,7146733,6965374,6744181,6604000,6911000,6836000
1,General Government,2,Judicial,46,State Law Library                       ,"Maintains a full set of printed Washington State codes and statutes, as well as primary legal materials from all 50 states and the federal government.",http://www.courts.wa.gov/library/,"1,999,982","1,938,346","2,057,201","2,106,443","1,981,404","1,998,009","2,261,440","2,164,930","1,914,562","1,587,162","1,501,708","24,000","1,481,000","1,468,000",2760892,2578687,2619245,2551605,2299768,2221252,2410275,2313920,1993048,1607039,1501708,24000,1481000,1468000
1,General Government,2,Judicial,48,Court of Appeals                        ,An intermediate court between lower courts and the State Supreme Court that hears appeals from trial courts.,http://www.courts.wa.gov/appellate_trial_courts/,"12,870,968","12,950,271","12,627,048","13,118,012","13,827,344","14,474,717","15,904,447","16,581,939","15,554,243","15,512,484","15,132,277","15,055,310","15,691,000","15,685,000",17767837,17228450,16076860,15890286,16049065,16092019,16951189,17723108,16191877,15706757,15132277,15055310,15691000,15685000
1,General Government,2,Judicial,50,Commission on Judicial Conduct          ,"Works to protect the integrity of the judicial process, promote public confidence in the courts, and a greater awareness of proper judicial behavior in judges.",http://www.cjc.state.wa.us/,"857,350","879,480","916,721","914,160","972,147","989,332","992,314","1,088,049","974,779","947,593","999,868","951,804","1,068,000","994,000",1183536,1170020,1167177,1107353,1128348,1099873,1057623,1162929,1014739,959460,999868,951804,1068000,994000
1,General Government,2,Judicial,55,Administrative Office of the Courts     ,"Provides administrative, information technology, judicial and management services for Washington's court system. Oversees a variety of special programs.",http://www.courts.wa.gov/appellate_trial_courts/aocwho/,"26,939,428","32,830,072","37,817,443","41,598,904","46,291,060","46,960,115","55,136,630","58,988,972","52,338,096","48,995,347","49,759,758","48,849,119","51,085,000","50,771,000",37188763,43675630,48149475,50390141,53728917,52207104,58765414,63048593,54483656,49608949,49759758,48849119,51085000,50771000
1,General Government,2,Judicial,56,Office of Public Defense                ,"Implements constitutional and statutory guarantees of counsel, and ensures effective/efficient delivery of indigent defense services funded by the state.",http://www.opd.wa.gov/,"6,654,179","6,463,917","7,222,509","6,630,961","9,756,260","20,069,807","27,015,677","26,834,377","25,384,726","24,285,471","25,022,998","29,134,457","30,410,000","33,719,000",9185818,8599300,9195757,8032304,11323856,22312265,28793698,28681119,26425353,24589615,25022998,29134457,30410000,33719000
1,General Government,2,Judicial,57,Office of Civil Legal Aid               ,Administers and oversees state funds used to provide civil (not criminal) legal aid services to low-income residents of Washington.,http://www.ocla.wa.gov/,"3,030,567","5,509,405","4,723,688","6,337,365","6,318,630","10,656,280","10,625,381","11,702,157","11,175,000","10,445,946","11,037,000","10,554,644","10,862,000","10,870,000",4183572,7329461,6014238,7676662,7333881,11846937,11324684,12507499,11633110,10576768,11037000,10554644,10862000,10870000
1,General Government,9,Governmental Operations,75,Office of the Governor                  ,"Head of the executive branch; executes/enforces laws passed by  Legislature,  appoints heads of many state departments, agencies, and institutions.",http://www.governor.wa.gov/,"4,290,753","4,052,110","3,848,285","4,149,336","5,317,858","5,072,352","6,422,573","6,159,693","5,567,959","5,259,267","4,912,062","5,259,030","5,509,000","5,217,000",5923206,5390742,4899668,5026229,6172310,5639101,6845271,6583603,5796213,5325132,4912062,5259030,5509000,5217000
1,General Government,9,Governmental Operations,80,Office of Lieutenant Governor           ,"President of the state Senate, serves as acting governor in the absence of the Governor, other duties as prescribed by law.",http://www.ltgov.wa.gov/,"432,693","471,275","546,288","529,071","715,565","747,080","736,170","766,975","735,562","675,284","648,326","628,595","654,000","658,000",597315,626963,695538,640881,830539,830553,784621,819758,765716,683741,648326,628595,654000,658000
1,General Government,9,Governmental Operations,82,Public Disclosure Commission            ,"Collects and publicly reports information related to campaign/lobbying contributions and expenditures for political candidates,  officeholders, lobbyists and ballot measure sponsors.",http://www.pdc.wa.gov/,"1,866,542","1,928,182","1,784,442","1,759,505","1,996,742","2,054,501","2,446,020","2,325,418","2,241,844","1,966,893","1,999,963","1,884,319","2,082,000","2,015,000",2576684,2565165,2271966,2131347,2317570,2284056,2607003,2485453,2333747,1991526,1999963,1884319,2082000,2015000
1,General Government,9,Governmental Operations,85,Office of the Secretary of State        ,"Chief elections officer, chief corporations officer, and supervisor of the State Archives.",http://www.sos.wa.gov/,"19,029,515","14,148,756","23,732,034","18,981,975","21,340,741","18,586,478","30,736,686","20,267,326","20,152,949","14,458,377","15,866,775","9,878,447","11,356,000","9,535,000",26269456,18822859,30215818,22993500,24769684,20663199,32759603,21662123,20979104,14639449,15866775,9878447,11356000,9535000
1,General Government,9,Governmental Operations,86,Governor's Office of Indian Affairs     ,"Liaison between state and tribal governments in an advisory, resource, consultation, and educational capacity.",http://www.goia.wa.gov/,"271,045","286,486","229,000","250,510","253,947","292,768","337,678","424,152","260,819","201,802","231,347","227,601","253,000","248,000",374166,381128,291565,303451,294750,325480,359902,453342,271511,204329,231347,227601,253000,248000
1,General Government,9,Governmental Operations,87,Asian/Pacific-American Affrs            ,"Works to improve the well-being of Asian Pacific Americans by ensuring their access to participation in the fields of government, business, education, and other areas.",http://www.capaa.wa.gov/,"201,188","219,258","185,059","203,906","213,010","254,138","254,886","498,473","209,055","209,874","226,478","189,798","213,000","207,000",277732,291691,235619,246998,247236,282534,271661,532778,217625,212502,226478,189798,213000,207000
1,General Government,9,Governmental Operations,95,Office of State Auditor                 ,"Promotes accountability, fiscal integrity and openness in state and local government to ensure the efficient and effective use of public resources.",http://www.sao.wa.gov/,"806,123","729,777","628,185","771,550","824,518","740,631","792,821","736,634","721,794","557,107",0,0,"728,000","733,000",1112819,970862,799810,934604,956998,823384,845000,787329,751383,564084,0,0,728000,733000
1,General Government,9,Governmental Operations,99,Comm Salaries for Elected Officials     ,"Sets salaries of elected officials in the Executive, Legislative, and Judicial branches of state government.",http://www.salaries.wa.gov/,"72,820","150,166","103,380","174,039","124,150","186,246","159,000","216,389","153,734","180,241","138,758","171,096","141,000","171,000",100525,199774,131624,210819,144098,207056,169464,231281,160036,182498,138758,171096,141000,171000
1,General Government,9,Governmental Operations,100,Office of the Attorney General          ,Chief legal officer for Washington state; oversees a team of attorneys who represent state clients and the public interest as directed under state law.,http://www.atg.wa.gov/,"6,453,178","6,765,872","4,503,636","5,040,688","6,169,325","5,617,977","6,333,487","6,740,132","5,729,246","4,287,715","4,752,295","6,695,642","10,456,000","10,132,000",8908344,9001007,5734066,6105954,7160587,6245690,6750322,7203988,5964112,4341413,4752295,6695642,10456000,10132000
1,General Government,9,Governmental Operations,101,Caseload Forecast Council               ,Creates and adopts official caseload forecasts that are the basis of the Governor's budget and utilized by legislators in development of the state budget.,http://www.cfc.wa.gov/,"598,702","621,285","668,089","643,587","605,200","577,237","677,028","717,263","680,560","587,953","1,247,638","1,090,333","1,260,000","1,230,000",826483,826529,850616,779598,702441,641733,721586,766625,708459,595316,1247638,1090333,1260000,1230000
1,General Government,9,Governmental Operations,102,Dept of Financial Institutions          ,Regulates and examines a variety of state chartered financial services; provides education and outreach to protect consumers from financial fraud.,http://www.dfi.wa.gov/,0,0,0,0,0,0,"699,312","781,801",0,0,0,0,0,0,0,0,0,0,0,0,745337,835605,0,0,0,0,0,0
1,General Government,9,Governmental Operations,103,Department of Commerce                  ,Lead state agency charged with enhancing and promoting sustainable community and economic vitality in Washington.,http://www.commerce.wa.gov/,"111,377,330","47,327,684","34,955,909","42,168,152","39,611,366","61,349,894","63,854,121","68,298,817","44,214,950","36,539,874","41,516,467","56,942,915","63,076,000","60,151,000",153751783,62962591,44506146,51079690,45975957,68204695,68056642,72999142,46027508,36997488,41516467,56942915,63076000,60151000
1,General Government,9,Governmental Operations,104,Economic & Revenue Forecast Council     ,Produces forecast of economic activity and General Fund revenue for the legislature and the governor to be used as the basis of the state budget.,http://www.erfc.wa.gov/,"498,305","465,330","480,253","524,003","566,947","544,481","658,338","663,931","627,895","672,784","609,805","686,928","764,000","802,000",687889,619054,611462,634742,658042,605317,701666,709623,653635,681210,609805,686928,764000,802000
1,General Government,9,Governmental Operations,105,Office of Financial Management          ,"Provides information, services and policy support for budget/fiscal administration,  technology, policy research, human resources; conducts research and collects information on issues affecting state budget and public policy.",http://www.ofm.wa.gov/,"12,955,682","12,914,195","12,758,113","13,142,389","17,055,428","20,217,069","22,744,734","33,357,529","19,025,113","17,525,151","16,947,463","18,105,637","18,414,000","17,542,000",17884781,17180456,16243733,15919814,19795824,22475981,24241665,35653194,19805033,17744630,16947463,18105637,18414000,17542000
1,General Government,9,Governmental Operations,106,Department of Personnel                 ,Human Resource policy functions are now within the Office of Financial Management; Human Resource services are now part of the new Department of Enterprise Services.,http://www.dop.wa.gov/Pages/default.aspx,0,0,"304,000","500,000","571,000",0,"96,000",0,0,0,0,0,0,0,0,0,387055,605667,662746,0,102318,0,0,0,0,0,0,0
1,General Government,9,Governmental Operations,118,WA State Comm on Hispanic Affairs       ,Works to improve public policy development and the delivery of government services to the Hispanic community.,http://www.cha.wa.gov/,"212,902","228,049","204,840","214,647","236,357","249,009","261,000","417,000","249,648","222,753","244,000","243,677","238,000","235,000",293902,303386,260804,260009,274334,276831,278178,445698,259882,225543,244000,243677,238000,235000
1,General Government,9,Governmental Operations,119,African-American Affairs Comm           ,"Examine, define and advise the Governor and state agencies on issues, policies, plans, and programs pertaining to the rights and needs of African-Americans.",http://www.caa.wa.gov/,"213,499","206,071","199,000","202,358","233,669","242,009","257,000","252,460","242,842","198,589","188,896","231,550","233,000","224,000",294727,274147,253368,245123,271214,269049,273914,269834,252797,201076,188896,231550,233000,224000
1,General Government,9,Governmental Operations,124,Department of Retirement Systems        ,Serves as the administrator of state public retirement systems and the Deferred Compensation program.,http://www.drs.wa.gov/,0,0,0,0,0,0,"121,618","103,000",0,0,0,0,0,0,0,0,0,0,0,0,129622,110088,0,0,0,0,0,0
1,General Government,9,Governmental Operations,126,State Investment Board                  ,"Manages investments for public employee retirement plans,  deferred compensation, and other public funds supporting industrial insurance, colleges and universities, and developmental disability programs.",http://www.sib.wa.gov/,0,0,"95,533",0,0,"300,000",0,0,0,0,0,0,0,0,0,0,121633,0,0,333520,0,0,0,0,0,0,0,0
1,General Government,9,Governmental Operations,135,Innovate Washington                     ,"A public-private organization promoting innovation through collaboration between ecosystem entrepreneurs, large companies, state government, investors, and industry leaders.",http://www.innovatewashington.org/,0,0,0,0,0,0,0,0,0,0,"2,879,000","2,755,000",0,0,0,0,0,0,0,0,0,0,0,0,2879000,2755000,0,0
1,General Government,9,Governmental Operations,140,Department of Revenue                   ,"Collects most state tax revenues and all local sales tax revenues, and processes business tax returns and license applications.",http://dor.wa.gov/,"72,764,201","76,649,775","82,136,665","82,712,761","89,348,973","89,918,706","97,967,735","98,110,953","106,020,782","103,804,014","97,312,989","97,495,670","107,985,000","106,301,000",100447960,101971363,104577067,100192728,103705199,99965583,104415423,104862949,110367022,105104023,97312989,97495670,107985000,106301000
1,General Government,9,Governmental Operations,142,Board of Tax Appeals                    ,State-level independent administrative forum available for citizens and businesses to inquire as to the correctness and legality of their tax liability.,http://bta.state.wa.us/,"1,176,732","1,027,482","1,140,609","1,042,684","1,352,248","1,178,778","1,424,735","1,327,121","1,339,621","1,173,132","1,188,122","1,141,941","1,217,000","1,178,000",1624430,1366915,1452233,1263038,1569522,1310486,1518503,1418453,1394538,1187824,1188122,1141941,1217000,1178000
1,General Government,9,Governmental Operations,147,Minority & Women's Business Enterp      ,Develops programs designed to improve the contributions of minority and women-owned small businesses to the Washington State economy.,http://www.omwbe.wa.gov/,0,0,0,0,0,"27,425",0,0,0,0,0,0,0,0,0,0,0,0,0,30489,0,0,0,0,0,0,0,0
1,General Government,9,Governmental Operations,148,Dept of General Administration          ,Now part of the Washington State Department of Enterprise Services,http://www.ga.wa.gov/,"405,840","481,453","82,953","80,667","145,810","154,039","192,632","120,723","394,258","3,520,531","774,439",0,0,0,560245,640503,105616,97715,169238,171250,205310,129031,410420,3564621,774439,0,0,0
1,General Government,9,Governmental Operations,149,Department of Information Services      ,Provides information technology assistance. Merged into the Department of Enterprise Services (DES) in 2011.,http://www.des.wa.gov/,"55,000",0,"879,099","1,770,901","481,463","1,849,537","2,695,353","3,652,750","1,047,495","974,902","118,109",0,0,0,75925,0,1119276,2145151,558822,2056191,2872746,3904132,1090436,987111,118109,0,0,0
1,General Government,9,Governmental Operations,160,Office of Insurance Commissioner        ,"Protects insurance consumers, oversees the insurance industry, answers questions and investigates problems, and utlizes volunteers to advise consumers on health coverage issues.",http://www.insurance.wa.gov/,0,0,0,0,0,0,0,0,0,0,0,"564,998","300,000","100,000",0,0,0,0,0,0,0,0,0,0,0,564998,300000,100000
1,General Government,9,Governmental Operations,179,Department of Enterprise Services       ,"Provides services to other state agencies, including printing, mail, purchasing, contracts and leases, Capitol grounds maintenance, and recruiting/training the state's workforce.",http://www.des.wa.gov/,0,0,0,0,0,0,0,0,0,0,"2,268,064","2,961,444","3,654,000","3,628,000",0,0,0,0,0,0,0,0,0,0,2268064,2961444,3654000,3628000
1,General Government,9,Governmental Operations,195,WA State Liquor Control Board           ,"Administers and enforces state laws governing alcohol, marijuana and tobacco; promotes education, voluntary compliance, and responsible sales to prevent the misuse of controlled substances.",http://www.liq.wa.gov/,"1,499,428","1,306,627","1,459,000","1,474,655","1,731,111","1,714,069","1,909,053",0,0,0,0,0,0,0,2069898,1738277,1857611,1786299,2009259,1905587,2034696,0,0,0,0,0,0,0
1,General Government,9,Governmental Operations,215,Utilities and Transportation Comm       ,"Protects consumers by ensuring utility and transportation services (including electric, telecommunications, natural gas, water, transportation services and others) are fairly priced, available, reliable and safe.",http://www.utc.wa.gov/,0,0,302,0,0,"9,471","222,329","6,543",0,0,0,0,0,0,0,0,385,0,0,10529,236961,6993,0,0,0,0,0,0
1,General Government,9,Governmental Operations,245,Military Department                     ,"Performs homeland defense, homeland security, and emergency mitigation, preparedness, response and recovery activities.",http://mil.wa.gov/,"9,115,623","8,992,572","8,663,463","8,539,969","10,077,459","15,886,250","12,369,572","11,508,830","9,348,965","7,889,031","7,620,844","6,940,083","1,880,000","1,846,000",12583739,11963307,11030391,10344749,11696664,17661267,13183668,12300868,9732219,7987831,7620844,6940083,1880000,1846000
1,General Government,9,Governmental Operations,275,Public Employment Relations Comm        ,"Offers no-cost mediation, fact-finding, and arbitration services, and collective bargaining training; processes representation and unit clarification cases, and adjudicates unfair labor practice cases.",http://www.perc.wa.gov/,"2,155,564","2,154,197","2,226,143","2,293,254","2,434,403","2,474,098","2,895,547","2,898,517","2,541,248","2,202,640","1,895,545","2,070,388","1,977,000","2,036,000",2975667,2865845,2834343,2777895,2825553,2750536,3086116,3097993,2645424,2230225,1895545,2070388,1977000,2036000
1,General Government,9,Governmental Operations,355,Archaeology & Historic Preservation     ,"Works to preserve irreplaceable historic and cultural resources including significant buildings, structures, sites, objects, and districts as assets for the future.",http://www.dahp.wa.gov/,"853,575","985,335","789,265","822,959","886,705","1,089,919","1,425,926","1,691,500","1,486,415","1,101,426",0,0,"1,293,000","1,242,000",1178325,1310845,1004899,996878,1029177,1211699,1519772,1807909,1547349,1115220,0,0,1293000,1242000
2,Human Services,9,Other Human Services,107,WA State Health Care Authority          ,"Oversees eight health care programs: Basic Health, Health Technology Assessment, Medicaid/Medical Assistance Programs, Prescription Drug Program, Public Employees Benefits Board, Uniform Medical Plan, Washington Health Program, and Washington Wellness.",http://www.hca.wa.gov/,"1,729,964,140","1,727,827,825","1,689,077,032","1,885,780,559","1,998,299,506","2,126,959,588","2,263,905,004","2,135,160,211","1,894,711,937","1,920,142,485","2,029,332,230","2,094,956,292","2,131,026,000","2,114,731,000",2388143716,2298623288,2150546551,2284308922,2319378057,2364610929,2412902561,2282101937,1972384183,1944189741,2029332230,2094956292,2131026000,2114731000
2,Human Services,9,Other Human Services,120,Human Rights Commission                 ,"Works to eliminate and prevent discrimination in Washington through fair application of the law, efficient use of resources, and productive community partnerships.",http://www.hum.wa.gov/,"2,714,531","2,435,184","2,373,000","2,419,437","2,721,571","3,016,121","3,268,910","2,978,498","2,363,649","2,040,240","1,774,541","1,834,135","2,077,000","1,996,000",3747297,3239658,3021323,2930745,3158862,3353121,3484051,3183478,2460545,2065791,1774541,1834135,2077000,1996000
2,Human Services,9,Other Human Services,227,Criminal Justice Training Comm          ,"Provides training for law enforcement, corrections and other public safety professionals in Washington State.",http://fortress.wa.gov/cjtc/,"9,602,782","8,939,279","8,512,242","10,210,074","10,041,243","12,088,760","15,715,255","21,035,360","16,518,872","16,158,560","13,918,357","14,277,263","14,257,000","14,159,000",13256242,11892409,10837855,12367803,11654629,13439472,16749545,22483013,17196050,16360925,13918357,14277263,14257000,14159000
2,Human Services,9,Other Human Services,235,Department of Labor and Industries      ,"Works for the safety, health and security of Washington workers by publicizing and enforcing safety and health standards, administering the workers' compensation system, ensuring wage and hour requirements are met, and ensuring safe building practices.",http://www.lni.wa.gov/,"13,648,201","14,395,896","18,808,508","19,292,527","19,347,788","19,716,451","22,670,900","24,039,930","24,542,029","17,356,693","17,300,732","17,519,336","17,054,000","17,629,000",18840775,19151643,23947145,23369682,22456511,21919427,24162972,25694358,25548110,17574063,17300732,17519336,17054000,17629000
2,Human Services,9,Other Human Services,250,Indeterminate Sentence Review Board     ,Makes decisions about releasing certain groups of offenders from prison and takes action if released prisoners break rules of supervision.,http://www.doc.wa.gov/isrb/,"920,250","897,019","913,580","963,337","1,054,584","1,527,374","1,804,059","1,850,416","1,604,813","1,479,352",0,0,0,0,1270367,1193353,1163177,1166922,1224030,1698032,1922792,1977762,1670601,1497879,0,0,0,0
2,Human Services,9,Other Human Services,255,Home Care Quality Authority             ,The Home Care Quality Authority was eliminated as a Washington State agency in 2011. Some functions were replaced by the Home Care Referral Registry.,http://www.ofm.wa.gov/performance/agency/302.asp,0,"146,315","384,688","1,247,823","660,430","1,149,061","1,464,298","1,528,494","1,098,828",0,0,0,0,0,0,194651,489788,1511530,766545,1277449,1560670,1633685,1143874,0,0,0,0,0
2,Human Services,9,Other Human Services,303,Department of Health                    ,"Promotes disease and injury prevention, immunization, and newborn screening via educational and training programs,  licensing of health care professionals, investigating disease outbreaks and emergency preparedness.",http://www.doh.wa.gov/,"97,471,123","95,122,685","100,094,115","104,325,914","107,410,599","119,774,664","148,506,241","152,749,888","118,125,313","94,158,390","103,360,850","101,527,459","60,230,000","59,198,000",134554841,126546879,127440638,126373461,124668893,133157433,158280091,163262135,122967769,95337600,103360850,101527459,60230000,59198000
2,Human Services,9,Other Human Services,305,Department of Veterans' Affairs         ,"Policy direction and support for the delivery of statewide veterans’ services,  long-term health care for honorably discharged veterans, and claim processing for veterans' entitlements.",http://www.dva.wa.gov/,"10,475,408","10,702,509","11,535,863","10,365,054","9,867,748","11,618,083","15,317,867","11,652,612","9,729,720","6,710,160","8,240,745","6,760,336","7,438,000","7,236,000",14460866,14238130,14687554,12555536,11453257,12916205,16326003,12454545,10128582,6794196,8240745,6760336,7438000,7236000
2,Human Services,9,Other Human Services,310,Department of Corrections               ,"Confines people who violate criminal laws; provides maximum safety for the public, staff and offenders; and aims to reducing recidivism among prior offenders.",http://www.doc.wa.gov/,"545,483,433","586,378,300","621,075,132","660,874,857","707,177,761","760,914,875","865,181,681","904,348,483","687,207,619","787,413,392","812,455,550","787,550,162","834,269,000","830,875,000",753017246,780090931,790757886,800539768,820804177,845934093,922123097,966585746,715379162,797274708,812455550,787550162,834269000,830875000
2,Human Services,9,Other Human Services,315,Dept of Services for the Blind          ,"Offers assistance to persons who are blind or visually impaired, promting inclusion, independence, and economic vitality for people with visual disabilities.",http://www.dsb.wa.gov/,"1,622,815","1,337,071","1,662,759","1,781,092","2,021,633","1,912,039","2,527,373","2,374,830","2,503,137","2,046,327","2,156,643","2,130,020","2,242,000","2,197,000",2240229,1778778,2117038,2157496,2346461,2125677,2693711,2538266,2605751,2071955,2156643,2130020,2242000,2197000
2,Human Services,9,Other Human Services,325,Sentencing Guidelines Commission        ,"Recommended improvements for criminal adult and juvenile sentencing, and provided information about current sentencing practices. Eliminated as an independent agency July 1, 2011.",http://www.ofm.wa.gov/sgc/,"907,572","857,528","720,640","750,857","846,530","780,743","883,098","1,091,552","915,319","817,110",0,0,0,0,1252865,1140816,917525,909538,982547,867978,941219,1166673,952842,827343,0,0,0,0
2,Human Services,9,Other Human Services,540,Employment Security Department          ,"Promotes workforce development, delivers unemployment benefits, and administers's the state's unemployment insurance system.",http://www.esd.wa.gov/,0,0,0,0,"106,035","60,000","60,000","257,200","2,046,944","4,022,709",0,0,0,0,0,0,0,0,123072,66704,63949,274901,2130857,4073088,0,0,0,0
2,Human Services,1,Dept of Social and Health Services,DSHS-010,Children's Administration               ,"Responsible for child safety and protection, adoption, and foster parenting.",http://www.dshs.wa.gov/ca/,"225,414,556","228,348,879","230,864,079","248,019,764","252,855,958","279,280,937","320,435,943","330,965,678","306,820,917","280,678,516","274,502,433","278,125,332","296,676,000","297,641,000",311175442,303784928,293938014,300434617,293483814,310485803,341525243,353742736,319398803,284193645,274502433,278125332,296676000,297641000
2,Human Services,1,Dept of Social and Health Services,DSHS-020,Juvenile Rehabilitation                 ,Serves Washington State's highest-risk youth. Youth may be committed to JRA custody by any county juvenile court.,http://www.dshs.wa.gov/jra/,"104,159,162","99,711,371","89,202,641","93,965,819","96,589,635","100,606,737","106,644,560","104,632,624","100,888,684","87,492,662","85,562,896","84,873,849","89,967,000","90,255,000",143787401,132651458,113573525,113823932,112109261,111847818,113663308,111833441,105024537,88588392,85562896,84873849,89967000,90255000
2,Human Services,1,Dept of Social and Health Services,DSHS-030,Mental Health                           ,"Provides evidence-based, cost-effective services that support the health and well-being of individuals, families and communities in Washington State.",http://www.dshs.wa.gov/dbhr/,"288,247,591","283,049,406","288,666,873","304,714,331","378,294,017","405,615,495","444,916,906","442,763,968","393,714,143","383,799,876","437,498,803","453,618,125","469,609,000","446,973,000",397913839,376556013,367533000,369110638,439076745,450936086,474198847,473234984,409854149,388606464,437498803,453618125,469609000,446973000
2,Human Services,1,Dept of Social and Health Services,DSHS-040,Developmental Disabilities              ,"Develops and implements public policies to promote individual worth, self-respect, and dignity such that each individual is valued as a contributing member of the community.",http://www.dshs.wa.gov/ddd/,"310,485,052","320,030,799","323,395,829","361,174,644","377,403,615","398,943,355","434,530,076","395,856,769","359,416,721","385,400,144","483,434,391","487,888,914","528,567,000","546,504,000",428611732,425754370,411750188,437502899,438043277,443518449,463128414,423099632,374150731,390226773,483434391,487888914,528567000,546504000
2,Human Services,1,Dept of Social and Health Services,DSHS-050,Long-Term Care                          ,"Institutional medical programs, home and community based care, hospice, mental health facilities, medicaid personal care, and adult protective services.",http://www.dshs.wa.gov/manuals/eaz/sections/LTCIndex.shtml,"504,117,016","508,536,575","518,133,434","576,793,208","617,043,301","661,946,123","700,099,919","643,071,218","607,023,315","645,489,657","790,362,865","771,057,007","869,628,000","923,218,000",695912624,676533852,659691683,698688861,716187283,735907276,746176577,687327379,631907765,653573565,790362865,771057007,869628000,923218000
2,Human Services,1,Dept of Social and Health Services,DSHS-060,Economic Services Administration        ,"Provides economic, employment and training, child support, medical, and other services to help people in need achieve and maintain their highest level of self-sufficiency.",http://www.dshs.wa.gov/esa/,"443,778,418","434,515,816","461,482,296","461,364,500","507,776,034","523,928,038","556,855,546","628,063,127","584,889,571","546,012,753","393,762,932","369,017,880","402,504,000","405,019,000",612617693,578060012,587562995,558866215,589363400,582468032,593504662,671286431,608866665,552850844,393762932,369017880,402504000,405019000
2,Human Services,1,Dept of Social and Health Services,DSHS-070,Alcohol & Substance Abuse               ,"Provides evidence-based, cost-effective services that support the health and well-being of individuals, families and communities in Washington State.",http://www.dshs.wa.gov/dbhr/,"65,720,301","71,990,241","64,565,988","67,284,448","76,040,071","80,601,764","82,956,713","79,472,190","82,322,879","77,743,485","73,325,975","70,994,724","73,073,000","62,669,000",90724149,95772531,82205939,81503897,88257877,89607632,88416460,84941466,85697642,78717120,73325975,70994724,73073000,62669000
2,Human Services,1,Dept of Social and Health Services,DSHS-080,Medical Assistance Payments             ,Provides payments for medical services - transferred to Health Care Authority 7/1/2011.,http://www.dshs.wa.gov/health.shtml,"617,114","648,913","844,797","1,379,681","1,676,417","1,895,414","2,027,437","-177,075,681","2,498,693","2,834,078",0,0,0,0,851900,863284,1075602,1671254,1945777,2107194,2160872,-189262029,2601125,2869571,0,0,0,0
2,Human Services,1,Dept of Social and Health Services,DSHS-100,Vocational Rehabilitation               ,Helps individuals with disabilities to participate fully in their communities and become employed.,http://www.dshs.wa.gov/dvr/,"11,525,280","9,888,152","10,272,001","8,727,322","10,694,000","9,116,427","11,302,850","8,211,730","10,326,916","9,371,553","10,852,466","10,324,124","16,478,000","16,459,000",15910171,13154746,13078395,10571696,12412268,10135032,12046740,8776861,10750260,9488919,10852466,10324124,16478000,16459000
2,Human Services,1,Dept of Social and Health Services,DSHS-110,Administration/Supporting Services      ,"Provides management, planning, evaluation and control of the operatations of all DSHS programs.",http://www.dshs.wa.gov/budget/,"29,029,762","24,724,405","27,208,838","31,049,228","35,608,996","35,529,592","40,220,382","38,677,087","35,170,738","27,878,196","23,374,666","25,436,835","30,127,000","29,333,000",40074382,32892220,34642513,37610966,41330503,39499416,42867462,41338844,36612535,28227334,23374666,25436835,30127000,29333000
2,Human Services,1,Dept of Social and Health Services,DSHS-135,Special Commitment Program              ,Specialized mental health treatment program for civilly committed sex offenders who have completed their prison sentences.,http://www.dshs.wa.gov/scc/,"18,609,255","21,704,979","29,278,055","37,496,611","39,785,537","43,751,628","51,244,238","50,961,878","48,003,610","46,781,991","48,153,074","38,480,273","36,420,000","35,813,000",25689304,28875314,37277057,45420896,46178114,48640124,54616847,54469074,49971481,47367874,48153074,38480273,36420000,35813000
2,Human Services,1,Dept of Social and Health Services,DSHS-145,Payments to Other Agencies              ,Payments made by DSHS to other agencies.,http://search.usa.gov/search?&query=DSHS+Payments+to+Other+Agencies&affiliate=accesswashington,"41,001,277","34,293,417","42,180,620","36,987,680","47,538,894","48,074,668","59,159,682","50,992,721","62,129,884","61,894,077","62,123,258","48,089,014","60,470,000","60,511,000",56600562,45622397,53704707,44804411,55177248,53446190,63053241,54502040,64676850,62669219,62123258,48089014,60470000,60511000
2,Human Services,1,Dept of Social and Health Services,DSHS-150,Information System Services             ,Primary service provider for DSHS information technology services.,search.usa.gov/search?&query=DSHS+information+system+services&affiliate=accesswashington,"2,989",0,0,0,0,0,0,0,0,0,0,0,0,0,4126,0,0,0,0,0,0,0,0,0,0,0,0,0
3,Natural Resources,1,Natural Resources,460,Columbia River Gorge Commission         ,"Established to develop policies for the Columbia River Gorge that will protect and enhance scenic, natural, cultural and recreational resources, while encouraging growth within existing urban areas.",http://search.usa.gov/search?&query=Columbia+River+Gorge+Commission&affiliate=accesswashington,"326,924","338,494","312,564","314,740","434,609","479,987","520,444","498,641","429,451","398,164","393,878","404,000","445,000","446,000",451305,450317,397959,381255,504440,533617,554697,532957,447056,403150,393878,404000,445000,446000
3,Natural Resources,1,Natural Resources,461,Department of Ecology                   ,"Protects, preserves and enhances Washington’s environment, and promotes wise management of air, land and water for the benefit of current and future generations.",http://www.ecy.wa.gov/,"44,875,922","49,532,893","44,034,259","47,591,644","49,778,262","59,137,132","64,448,346","60,186,364","57,794,910","46,103,301","37,016,840","33,386,191","25,929,000","25,506,000",61949348,65896300,56064775,57649347,57776429,65744695,68689975,64328390,60164168,46680684,37016840,33386191,25929000,25506000
3,Natural Resources,1,Natural Resources,465,State Parks and Recreation Comm         ,"Acquires, operates, enhances and protects state parks, recreational facilities, and historic sites.",http://www.parks.wa.gov/,"32,469,076","31,039,626","30,166,000","30,639,712","35,691,401","39,129,731","48,894,199","45,464,828","23,070,900","18,275,000","8,955,000","8,379,000","4,254,000","4,254,000",44822212,41293702,38407595,37114906,41426149,43501809,52112142,48593717,24016674,18503870,8955000,8379000,4254000,4254000
3,Natural Resources,1,Natural Resources,467,Rec and Conservation Funding Board      ,"Helps finance projects that maintain recreational opportunities at state wild lands while protecting the environment, with a focus on the threat of salmon extinction.",http://www.rco.wa.gov/boards/rcfb.shtml,"211,200","474,807","1,288,586","1,418,663","1,596,209","1,521,790","1,657,000","1,613,999","1,477,881","1,307,671","897,546","822,667","823,000","815,000",291553,631662,1640638,1718474,1852681,1691824,1766054,1725074,1538466,1324048,897546,822667,823000,815000
3,Natural Resources,1,Natural Resources,468,Environ & Land Use Hearings Office      ,The umbrella administrative agency for the three separate Boards that independently hear appeals and decide cases within their jurisdiction regarding certain land use and environmental decisions.,http://www.eho.wa.gov/,"2,309,422","2,239,555","2,314,098","2,498,141","2,470,020","2,676,516","2,859,104","2,973,379","2,677,706","2,284,030","1,882,073","1,875,478","2,227,000","2,147,000",3188061,2979402,2946328,3026082,2866893,2975571,3047274,3178007,2787476,2312634,1882073,1875478,2227000,2147000
3,Natural Resources,1,Natural Resources,471,State Conservation Commission           ,Assists and guides conservation districts as they work with local communities to conserve renewable natural resources.,http://www.scc.wa.gov/,"3,904,816","3,412,201","3,119,439","3,441,639","4,203,272","4,645,087","8,097,312","8,260,112","7,508,204","6,523,069","6,784,494","6,424,851","6,841,000","6,738,000",5390436,4539436,3971695,4168972,4878636,5164096,8630232,8828573,7815997,6604762,6784494,6424851,6841000,6738000
3,Natural Resources,1,Natural Resources,477,Department of Fish and Wildlife         ,"Works to preserve, protect and perpetuate fish, wildlife and ecosystems while providing sustainable fish and wildlife recreational and commercial opportunities.",http://wdfw.wa.gov/,"46,980,376","45,970,828","42,056,692","41,554,720","46,849,736","48,092,821","56,299,392","49,163,635","41,256,142","30,982,276","34,098,025","26,428,437","30,321,000","28,999,000",64854460,61157492,53546921,50336619,54377359,53466371,60004703,52547076,42947406,31370288,34098025,26428437,30321000,28999000
3,Natural Resources,1,Natural Resources,478,Puget Sound Partnership                 ,"A community effort of citizens, governments, tribes, scientists and businesses working together to restore and protect Puget Sound.",http://www.psp.wa.gov/,"1,830,996","2,090,111","1,724,090","2,290,394","2,285,964","2,604,190","3,777,991","4,376,010","3,004,549","2,409,593","2,272,495","2,156,789","2,416,000","2,318,000",2527614,2780588,2195125,2774431,2653263,2895164,4026637,4677167,3127718,2439770,2272495,2156789,2416000,2318000
3,Natural Resources,1,Natural Resources,490,Department of Natural Resources         ,"Manage public forest, range, agricultural, aquatic, and commercial lands to general support for public schools, state institutions, and county services, provide fish and wildlife habitat, ensure clean and abundant water, and provide public access.",http://www.dnr.wa.gov/,"37,259,086","49,065,469","48,847,902","47,522,963","41,078,095","76,248,753","53,534,034","61,906,999","48,816,999","33,655,287","30,913,000","66,392,748","42,515,000","45,092,000",51434622,65274461,62193544,57566151,47678354,84768246,57057345,66167439,50818214,34076775,30913000,66392748,42515000,45092000
3,Natural Resources,1,Natural Resources,495,Department of Agriculture               ,"Assures safety of the state's food supply; ensures safe/legal distribution, use, and disposal of pesticides and fertilizers; protects natural resources, agriculture industry, and the public from selected plant and animal pests and diseases; facilitates movement of agricultural products in domestic and international markets.",http://agr.wa.gov/,"12,126,605","11,902,308","11,816,022","14,999,198","17,558,795","18,203,189","19,284,089","18,431,339","17,088,572","15,135,031","14,984,616","14,485,128","15,300,000","15,294,000",16740275,15834287,15044255,18169029,20380070,20237084,20553260,19699784,17789105,15324577,14984616,14485128,15300000,15294000
4,Transportation,1,Transportation,225,Washington State Patrol                 ,"Promotes safety of roadways and ferries, reduces citizens' vulnerability to various hazards, provides enforcement, forensic and related safety services.",http://www.wsp.wa.gov/,"30,404,744","15,846,321","30,799,825","30,649,508","39,001,022","37,102,531","41,524,365","36,038,723","37,864,119","32,765,031","35,329,603","39,643,682","34,653,000","32,485,000",41972488,21081222,39214587,37126772,45267546,41248104,44257266,38518908,39416329,33175370,35329603,39643682,34653000,32485000
4,Transportation,1,Transportation,228,Wash Traffic Safety Commission          ,Implements road-traffic programs to reduce deaths and serious injuries resulting from motor vehicle collisions.,http://www.wtsc.wa.gov/,0,0,0,0,0,0,0,0,0,0,0,0,"446,000","536,000",0,0,0,0,0,0,0,0,0,0,0,0,446000,536000
4,Transportation,1,Transportation,240,Department of Licensing                 ,"Provides information to law enforcement, licenses and regulates drivers, registers vehicles and vessels, and licenses/regulates many professions.",http://www.dol.wa.gov/,"5,357,556","5,358,289","5,086,348","5,110,226","1,519,961","1,577,208","1,730,000","1,671,690","1,425,917","1,320,000","1,164,000","1,280,000","1,103,000","1,341,000",7395884,7128423,6475979,6190187,1764182,1753434,1843859,1786736,1484371,1336531,1164000,1280000,1103000,1341000
4,Transportation,1,Transportation,245,Marine Employees' Commission            ,"Part of Public Employment Relations Commission, Marine Division.",http://www.perc.wa.gov/marine/,0,0,0,0,0,0,0,0,0,"35,000",0,0,0,0,0,0,0,0,0,0,0,0,0,35438,0,0,0,0
5,Education,1,Public Schools,OSPI-010,State Office Administration             ,"Apportions funds to school districts, administers state-funded programs, certifies teachers, collects school data, implements state education laws and programs, and performs other duties as required by the Legislature.",http://www.k12.wa.us/,"28,993,649","21,896,078","20,035,782","21,452,422","24,727,185","35,187,051","37,895,258","37,420,024","33,016,553","28,036,009","23,941,072","25,905,863","27,264,000","26,041,000",40024529,29129543,25509720,25986035,28700247,39118602,40389312,39995270,34370041,28387123,23941072,25905863,27264000,26041000
5,Education,1,Public Schools,OSPI-021,General Apportionment                   ,Foundational state funding to school districts to fund basic education as well as a number of non-basic education adjustments.,http://www.k12.wa.us/SAFS/default.asp,"3,886,746,282","3,941,579,918","3,999,656,336","4,094,064,737","4,322,462,092","4,488,398,788","4,713,509,857","5,056,528,247","5,116,667,375","4,726,018,003","5,220,177,650","5,129,774,682","5,528,987,000","5,776,201,000",5365491974,5243698047,5092394827,4959277239,5016977535,4989900554,5023726696,5404518521,5326421185,4785205155,5220177650,5129774682,5528987000,5776201000
5,Education,1,Public Schools,OSPI-022,Pupil Transportation                    ,Funding for school district providing student transportation to and from school.,http://www.k12.wa.us/transportation/default.aspx,"195,001,728","219,329,803","216,298,932","239,698,441","177,884,741","261,345,426","291,439,683","317,409,886","317,588,249","298,661,126","321,222,321","273,002,375","365,120,000","427,408,000",269191795,291786361,275393551,290354721,206466530,290546306,310620612,339254034,330607533,302401463,321222321,273002375,365120000,427408000
5,Education,1,Public Schools,OSPI-025,School Food Services                    ,Assists school districts and other program sponsors in providing quality nutrition programs that promote life-long healthful living while providing nutritious meals each day that prepare children for learning.,http://www.k12.wa.us/ChildNutrition/default.aspx,"3,126,087","3,099,956","3,099,966","3,099,787","3,076,612","100,000","3,271,000","3,158,584","3,158,950","7,110,977","6,999,347","7,110,893","7,111,000","7,111,000",4315433,4124040,3946902,3754875,3570949,111173,3486279,3375958,3288449,7200033,6999347,7110893,7111000,7111000
5,Education,1,Public Schools,OSPI-026,Special Education                       ,"Supplemental services for special education programs, defined as part of basic education; technical assistance for school districts receiving related federal grants.",http://www.k12.wa.us/SpecialEd/default.aspx,"431,812,343","430,424,744","437,750,622","439,874,745","471,939,010","491,448,503","574,720,210","621,048,667","631,080,118","626,946,527","647,410,467","659,608,326","720,953,000","765,390,000",596099023,572617437,557347636,532834958,547768230,546359464,612545078,663789236,656950758,634798207,647410467,659608326,720953000,765390000
5,Education,1,Public Schools,OSPI-027,Traffic Safety Education                ,Funding for traffic safety programs administered by public school districts in Washington state.,http://www.k12.wa.us/trafficSafety/default.aspx,"3,764,520","511,886",0,0,0,0,0,0,0,0,0,0,0,0,5196764,680990,0,0,0,0,0,0,0,0,0,0,0,0
5,Education,1,Public Schools,OSPI-028,Educational Service Districts           ,Support agencies delivering educational services that can be performed more efficiently or economically on a regional level.,http://www.k12.wa.us/maps/ESDmap.aspx,"4,879,062","4,844,352","3,551,625","3,623,301","3,744,735","3,887,479","7,700,650","8,982,665","8,405,731","7,522,419","7,894,000","7,896,000","8,143,000","8,151,000",6735343,6444705,4521958,4389025,4346424,4321838,8207464,9600852,8750317,7616627,7894000,7896000,8143000,8151000
5,Education,1,Public Schools,OSPI-029,Levy Equalization                       ,Levy equalization provides a state match to “property poor” school districts to lessen differences in taxes paid for local levies.,http://www.ofm.wa.gov/levy/20100827/Levy_Equalization_Primer.pdf,"140,930,835","155,785,712","163,048,661","164,859,886","173,107,902","188,055,435","203,554,595","224,514,000","93,136,596","285,980,000","300,767,019","299,534,101","311,174,000","335,533,000",194549170,207250202,207594875,199700281,200922168,209067412,216951419,239965053,96954659,289561523,300767019,299534101,311174000,335533000
5,Education,1,Public Schools,OSPI-035,Institutional Education                 ,"Basic education and necessary support services to school-aged children residing in institutions such as county detention centers, group homes, institutions for neglected and delinquent children, residential rehabilitation centers, and state correctional facilities.",http://www.k12.wa.us/InstitutionalEd/default.aspx,"19,514,139","18,630,176","18,242,481","18,302,099","17,816,811","18,146,536","18,815,199","22,556,499","18,035,651","17,901,693","16,555,969","14,397,857","15,291,000","15,493,000",26938459,24784736,23226474,22169943,20679543,20174101,20053510,24108837,18775009,18125888,16555969,14397857,15291000,15493000
5,Education,1,Public Schools,OSPI-045,Ed of Highly Capable Students           ,"Funding for school districts' programs of enriched instruction for highly capable (or ""gifted"") students.",http://www.k12.wa.us/HighlyCapable/,"6,625,603","6,501,083","6,543,391","6,796,697","6,933,036","7,166,857","8,367,483","9,066,700","9,057,620","8,926,874","8,745,000","9,008,967","9,555,000","9,677,000",9146370,8648744,8331098,8233066,8047008,7967631,8918184,9690670,9428930,9038671,8745000,9008967,9555000,9677000
5,Education,1,Public Schools,OSPI-050,Student Achievement Program             ,"Funding for smaller class sizes, extended learning time for students and professional development for teachers via Initiative 728.",http://www.k12.wa.us/i728/,"174,820,304","195,172,421","214,098,561","195,511,999","280,759,462","349,553,537","423,369,000","74,910,000",0,"25,417,000",0,0,0,0,241332176,259648482,272592021,236830209,325870738,388610164,451232778,80065306,0,25735314,0,0,0,0
5,Education,1,Public Schools,OSPI-055,Education Reform                        ,"Funding to improve student achievement in elementary, middle and high schools.",http://search.usa.gov/search?&query=%22Education+Reform%22+OSPI&affiliate=accesswashington,"34,776,568","29,257,084","37,736,042","36,713,077","44,779,457","52,312,271","111,097,798","148,405,051","139,392,891","124,799,834","57,269,167","100,759,549","122,639,000","105,324,000",48007609,38922289,48045834,44471775,51974436,58157272,118409633,158618287,145107194,126362788,57269167,100759549,122639000,105324000
5,Education,1,Public Schools,OSPI-060,Transitional Bilingual Instruction      ,Ensures students receive grade-level instruction while they develop the English language skills to study at grade level in a regular English classroom.,http://www.k12.wa.us/MigrantBilingual/default.aspx,"44,021,144","47,034,077","50,691,316","55,665,353","58,943,415","61,354,994","67,642,569","74,531,836","75,647,389","79,277,177","77,777,267","82,416,490","95,500,000","106,120,000",60769363,62571990,64540594,67429300,68414201,68210365,72094424,79661117,78748495,80270019,77777267,82416490,95500000,106120000
5,Education,1,Public Schools,OSPI-061,Learning Assistance Program             ,"Instructional help for children whose academic performance is below average, through one-on-one or small-group instruction in addition to regular classes.",http://www.k12.wa.us/TitleI/default.aspx,"73,147,449","67,328,988","64,380,973","64,837,215","75,545,066","81,929,695","92,342,186","118,020,621","126,501,647","137,005,700","124,991,265","126,334,369","196,356,000","218,335,000",100977018,89571413,81970376,78539482,87683337,91083937,98419632,126142800,131687484,138721516,124991265,126334369,196356000,218335000
5,Education,1,Public Schools,OSPI-063,Promoting Academic Success              ,Provide remediation for 10th-grade students needed help to meet standards in one or more areas of the Washington Assessment of Student Learning (WASL).,http://search.usa.gov/search?&query=Promoting+Academic+Success&affiliate=accesswashington,0,0,0,0,"2,510,691","17,239,486","12,108,000","2,068,637",0,0,0,0,0,0,0,0,0,0,2914099,19165704,12904881,2211001,0,0,0,0,0,0
5,Education,1,Public Schools,OSPI-074,Education Enhancement                   ,Funds provided to school districts to meet educational needs identified by the districts.,http://search.usa.gov/search?&query=%22Education+Enhancement%22+OSPI&affiliate=accesswashington,"19,608,883","3,531,242",0,0,0,0,0,0,0,0,0,0,0,0,27069249,4697803,0,0,0,0,0,0,0,0,0,0,0,0
5,Education,1,Public Schools,OSPI-076,State Flexible Education Funds          ,State allocations of flexible education funds to school districts to supplement basic education.,http://search.usa.gov/search?&query=%22Flexible+Education+Funds%22&affiliate=accesswashington,0,"20,611,628",0,0,0,0,0,0,0,0,0,0,0,0,0,27420769,0,0,0,0,0,0,0,0,0,0,0,0
5,Education,1,Public Schools,OSPI-078,Better Schools Program                  ,Funding for additional teachers and/or extended learning opportunities in grades K-4.,http://search.usa.gov/search?&query=%22Better+Schools+Program%22&affiliate=accesswashington,"8,964,656",0,0,0,0,0,0,0,0,0,0,0,0,0,12375336,0,0,0,0,0,0,0,0,0,0,0,0,0
5,Education,2,Higher Education,340,Student Achievement Council             ,"Provides strategic planning, oversight, and advocacy to support increased student success and higher levels of educational attainment in Washington.",http://www.wsac.wa.gov/,0,0,0,0,0,0,0,0,0,0,0,"216,904,958","264,956,000","271,501,000",0,0,0,0,0,0,0,0,0,0,0,216904958,264956000,271501000
5,Education,2,Higher Education,345,Higher Education Coordinating Board     ,Now the Washington Student Acheivement Council,http://www.wsac.wa.gov/,"125,863,461","138,130,201","149,955,960","174,325,824","191,370,801","203,005,288","233,821,380","238,039,085","254,718,604","158,005,903","218,926,952",0,0,0,173749286,183762116,190925142,211166688,222119475,225687655,249210195,254420935,265160596,159984719,218926952,0,0,0
5,Education,2,Higher Education,360,University of Washington                ,Public research university offering undergraduate and graduate education.,http://opb.washington.edu/,"345,476,776","333,762,500","311,628,001","325,106,318","340,517,327","360,252,485","389,605,168","385,921,388","295,915,993","287,891,089","211,981,991","209,522,864","253,896,000","252,199,000",476916355,444022399,396767294,393812132,395230252,400504536,415246800,412480498,308046840,291496546,211981991,209522864,253896000,252199000
5,Education,2,Higher Education,365,Washington State University             ,Public research university offering undergraduate and graduate education.,http://budget.wsu.edu/,"201,270,031","194,177,666","186,232,199","191,235,427","209,657,001","221,340,013","245,843,037","245,978,079","187,161,001","187,421,294","150,956,877","150,231,950","173,614,000","174,698,000",277844927,258325105,237112343,231649854,243343826,246070972,262023050,262906290,194833521,189768499,150956877,150231950,173614000,174698000
5,Education,2,Higher Education,370,Eastern Washington University           ,Public comprehensive university offering undergraduate and graduate education.,http://access.ewu.edu/budget.xml,"45,591,633","43,906,380","41,648,799","43,187,972","48,424,000","51,547,040","57,997,000","56,196,000","42,735,000","43,121,000","34,286,000","33,803,000","39,464,000","39,299,000",62937358,58411044,53027588,52315032,56204569,57306540,61814038,60063409,44486888,43661034,34286000,33803000,39464000,39299000
5,Education,2,Higher Education,375,Central Washington University           ,Public comprehensive university offering undergraduate and graduate education.,http://www.cwu.edu/budget/,"44,143,527","41,599,184","40,391,978","42,713,795","47,710,000","51,319,260","56,536,999","56,978,001","39,827,000","41,811,000","32,801,000","32,261,000","39,257,000","39,071,000",60938307,55341656,51427393,51740645,55375847,57053309,60257948,60899227,41459677,42334628,32801000,32261000,39257000,39071000
5,Education,2,Higher Education,376,The Evergreen State College             ,Public comprehensive university offering undergraduate and graduate education.,http://www.evergreen.edu/president/budget/,"25,413,818","24,342,161","23,121,200","24,204,730","26,353,000","28,342,726","31,780,000","30,665,000","23,239,000","20,420,000","18,360,000","17,890,000","20,960,000","20,552,000",35082721,32383700,29438099,29319997,30587292,31509541,33871582,32775365,24191665,20675734,18360000,17890000,20960000,20552000
5,Education,2,Higher Education,379,Spokane Intercollegiate Research and Technology Institute,Now called Innovate Washington,http://www.innovatewashington.org/,"1,468,543","1,411,785","1,403,000","1,415,386","1,483,000","1,522,083","1,718,000","1,668,000","1,597,792","1,327,000",0,0,0,0,2027263,1878174,1786311,1714504,1721282,1692150,1831069,1782792,1663292,1343619,0,0,0,0
5,Education,2,Higher Education,380,Western Washington University           ,Public comprehensive university offering undergraduate and graduate education.,http://www.wwu.edu/upb/,"59,840,389","57,965,647","54,031,436","56,409,101","60,122,001","63,809,509","71,883,998","71,185,000","49,663,999","52,753,405","40,376,000","39,343,000","51,085,000","50,884,000",82607174,77114851,68793262,68330226,69782157,70939130,76615000,76083952,51699936,53414072,40376000,39343000,51085000,50884000
5,Education,2,Higher Education,699,Community/Technical College System      ,Oversees and funds a system of 34 public community and technical colleges located across Washington State.,http://sbctc.edu/,"514,954,047","534,151,502","509,382,425","524,122,233","575,932,727","613,654,408","695,094,385","706,642,807","678,926,479","650,872,237","578,844,184","563,521,193","617,965,000","616,669,000",710872696,710610782,648549827,634886751,668471230,682219788,740841607,755273965,706758543,659023555,578844184,563521193,617965000,616669000
5,Education,9,Other Education,351,State School for the Blind              ,Provides specialized quality educational services to visually impaired and blind youth ages birth-21 within the state of Washington.,http://www.wssb.wa.gov/,"4,495,602","4,664,915","4,637,596","4,746,102","5,129,784","5,350,297","5,959,000","6,103,536","5,902,000","5,506,000","5,776,000","5,691,577","6,032,000","5,805,000",6205992,6205990,5904625,5749112,5954017,5948101,6351188,6523581,6143948,5574955,5776000,5691577,6032000,5805000
5,Education,9,Other Education,353,Childhood Deafness & Hearing Loss       ,"Provides statewide leadership for the coordination and delivery of educational services for children who are deaf, deaf-blind, and hard of hearing.",http://www.wsd.wa.gov/,"7,417,880","7,737,184","7,555,049","7,675,315","8,417,663","8,664,982","8,854,950","8,765,753","8,546,324","8,185,216","8,252,769","8,361,658","8,615,000","8,591,000",10240076,10293197,9619150,9297365,9770178,9633145,9437733,9369012,8896674,8287725,8252769,8361658,8615000,8591000
5,Education,9,Other Education,354,Workforce Trng & Educ Coord Board       ,"A partnership of labor, business and government that oversees a workforce development system designed to help Washington residents obtain and succeed in family-wage jobs, while meeting employers' needs for skilled workers.",http://www.wtb.wa.gov/,"1,647,968","1,720,880","1,649,412","1,632,969","1,225,000","1,364,315","1,700,247","1,697,531","1,356,755","1,215,955","1,309,661","1,191,202","1,582,000","1,478,000",2274951,2289380,2100045,1978070,1421828,1516754,1812148,1814355,1412374,1231183,1309661,1191202,1582000,1478000
5,Education,9,Other Education,357,Department of Early Learning            ,"Develops, implements and coordinates early learning policy and programs that create safe, healthy, nurturing learning experiences for Washington's children.",http://www.del.wa.gov/,"34,214,958","34,119,222","34,158,707","34,151,775","36,600,539","41,042,454","63,643,898","68,476,285","60,236,892","19,125,106","24,964,184","26,369,405","34,253,000","48,689,000",47232330,45390656,43491142,41369185,42481363,45628246,67832583,73188823,62706257,19364623,24964184,26369405,34253000,48689000
5,Education,9,Other Education,387,Washington State Arts Commission        ,"Builds public value of and participation in the arts by strengthening arts education, documenting impact of the arts in communities and peoples’ lives, and acquiring/caring for artwork various state public institution and agencies.",http://www.arts.wa.gov/,"2,834,527","2,845,807","2,252,935","2,277,918","1,807,544","2,350,686","2,474,498","2,431,978","1,844,000","1,181,519",0,0,"1,125,000","1,101,000",3912947,3785932,2868455,2759318,2097973,2613335,2637356,2599347,1919593,1196316,0,0,1125000,1101000
5,Education,9,Other Education,390,Washington State Historical Society     ,"Primary agency with knowledge and expertise in historic preservation; advocates for the preservation of Washington's irreplaceable historic and cultural  buildings, structures, sites, objects, and districts as assets for the future.",http://www.dahp.wa.gov/,"2,941,068","2,992,543","2,410,795","2,505,932","3,343,838","3,267,314","3,557,487","3,695,426","2,591,323","2,378,867",0,0,"2,123,000","2,150,000",4060022,3981143,3069444,3035519,3881112,3632380,3791621,3949745,2697552,2408659,0,0,2123000,2150000
5,Education,9,Other Education,395,East Wash State Historical Society      ,"Now known as the Northwest Museum of Arts & Culture, works to inspire and foster understanding of the history, cultures, communities, commerce and art of the Inland Northwest.",http://northwestmuseum.org/,"1,674,066","1,707,737","1,437,000","1,488,471","1,633,000","1,641,032","1,918,000","2,016,000","1,610,588","1,489,000",0,0,"1,600,000","1,530,000",2310979,2271895,1829600,1803035,1895384,1824389,2044232,2154741,1676613,1507648,0,0,1600000,1530000
9,Other Expenses,4,Special Appropriations,10,Bond Retirement and Interest            ,"Principal and interest payments on long-term bond debt of the State of Washington, and costs associated with bond sales.",http://search.usa.gov/search?&query=bond+retirement+and+interest&affiliate=accesswashington,"600,978,570","609,347,932","682,351,815","531,389,779","665,497,368","703,198,800","850,505,903","714,230,868","869,978,326","902,699,655","940,612,481","1,203,131,851","768,724,000","1,078,150,000",829625980,810648681,868775855,643690172,772426750,781769234,906481442,763384236,905642413,914004780,940612481,1203131851,768724000,1078150000
9,Other Expenses,4,Special Appropriations,76,Special Approps to the Governor         ,Appropriations made to the Governor for unforeseen expenses and special allocations to state agencies and local governments.,http://search.usa.gov/search?&query=special+appropriations+to+the+governor&affiliate=accesswashington,"30,407,211","53,066,006","33,679,577","327,707,077","876,728,021","639,707,354","164,597,791","151,877,501","119,689,500","175,740,595","36,110,000","25,340,000","59,259,000","30,883,000",41975893,70596593,42881110,396962518,1017597076,711183705,175430696,162329711,124596078,177941515,36110000,25340000,59259000,30883000
9,Other Expenses,4,Special Appropriations,707,Sundry Claims                           ,"Injury/property loss for which Washington state may be responsible, but injury/loss was not caused by the tortious activities of state employees.",http://search.usa.gov/search?&query=sundry+claims&affiliate=accesswashington,"273,771","489,823","81,933","154,954","55,234","136,809","87,836","194,706","890,635","345,467","277,992","321,724",0,0,377930,651638,104318,187701,64109,152095,93617,208106,927146,349794,277992,321724,0,0
9,Other Expenses,5,Special Appropriations,715,State Employee Compensation Adjust      ,Pay adjustment given to state employees when authorized by the legislature,http://www.hr.wa.gov/CompClass/Compensation/Pages/GeneralWageIncrease.aspx,0,0,0,0,0,0,0,0,0,0,0,0,0,"-10,000,000",0,0,0,0,0,0,0,0,0,0,0,0,0,-10000000
9,Other Expenses,4,Special Appropriations,740,Contributions to Retirement Systems     ,Costs associated with direct contributions made by the state to Law Enforcement Officers'/Firefighters' and Judicial retirement systems.,http://www.drs.wa.gov/,"21,800,761","22,654,592","26,687,636","27,760,715","38,566,349","47,767,022","55,526,013","61,337,053","62,946,436","62,884,244","60,870,133","64,346,115","69,300,000","72,200,000",30095046,30138635,33978914,33627480,44763031,53104169,59180424,65558269,65526876,63671786,60870133,64346115,69300000,72200000
,,,,,,,,,,,,,,,,,,,,,,,,,,,,,,,,,,,
